{
  "accuracy@1": 0.031167715761281065,
  "recall@1": 0.031167715761281065,
  "precision@1": 0.031167715761281065,
  "accuracy@3": 0.08433816632575801,
  "recall@3": 0.08433816632575801,
  "precision@3": 0.028112722108586,
  "accuracy@5": 0.1094260303540553,
  "recall@5": 0.1094260303540553,
  "precision@5": 0.02188520607081106,
  "accuracy@10": 0.14305732915955655,
  "recall@10": 0.14305732915955655,
  "precision@10": 0.014305732915955653,
  "accuracy@20": 0.1798980664263355,
  "recall@20": 0.1798980664263355,
  "precision@20": 0.008994903321316774,
  "mrr@10": 0.06433437516312224,
  "ndcg@1": 0.031167715761281065,
  "ndcg@3": 0.06184555931673599,
  "ndcg@5": 0.07219766015024323,
  "ndcg@10": 0.0830632803842119,
  "ndcg@20": 0.09238549325606182,
  "map@10": 0.06433437516312224
}