{
  "accuracy@1": 0.031203817560326252,
  "recall@1": 0.031203817560326252,
  "precision@1": 0.031203817560326252,
  "accuracy@3": 0.08271380706880407,
  "recall@3": 0.08271380706880407,
  "precision@3": 0.027571269022934688,
  "accuracy@5": 0.10811908441726926,
  "recall@5": 0.10811908441726926,
  "precision@5": 0.021623816883453852,
  "accuracy@10": 0.14216576605033673,
  "recall@10": 0.14216576605033673,
  "precision@10": 0.014216576605033672,
  "accuracy@20": 0.17878456279683674,
  "recall@20": 0.17878456279683674,
  "precision@20": 0.008939228139841836,
  "mrr@10": 0.06376180520077951,
  "ndcg@1": 0.031203817560326252,
  "ndcg@3": 0.060908432262559674,
  "ndcg@5": 0.07136835888354769,
  "ndcg@10": 0.0823931493207749,
  "ndcg@20": 0.09167906197951836,
  "map@10": 0.06376180520077951
}