{
  "accuracy@1": 0.05259410774220524,
  "recall@1": 0.05259410774220524,
  "precision@1": 0.05259410774220524,
  "accuracy@3": 0.11036400004520336,
  "recall@3": 0.11036400004520336,
  "precision@3": 0.03678800001506778,
  "accuracy@5": 0.14029992428437432,
  "recall@5": 0.14029992428437432,
  "precision@5": 0.028059984856874866,
  "accuracy@10": 0.17535512888607624,
  "recall@10": 0.17535512888607624,
  "precision@10": 0.017535512888607625,
  "accuracy@20": 0.20768683113155306,
  "recall@20": 0.20768683113155306,
  "precision@20": 0.010384341556577656,
  "mrr@10": 0.08911684745319434,
  "ndcg@1": 0.05259410774220524,
  "ndcg@3": 0.0859445354369318,
  "ndcg@5": 0.0982840473836079,
  "ndcg@10": 0.10967138754574751,
  "ndcg@20": 0.11785645988877709,
  "map@10": 0.08911684745319434
}