{
  "accuracy@1": 0.04979524609952281,
  "recall@1": 0.04979524609952281,
  "precision@1": 0.04979524609952281,
  "accuracy@3": 0.10543415723745812,
  "recall@3": 0.10543415723745812,
  "precision@3": 0.0351447190791527,
  "accuracy@5": 0.13632210101192424,
  "recall@5": 0.13632210101192424,
  "precision@5": 0.027264420202384843,
  "accuracy@10": 0.17177893347472445,
  "recall@10": 0.17177893347472445,
  "precision@10": 0.017177893347472446,
  "accuracy@20": 0.20398677842582041,
  "recall@20": 0.20398677842582041,
  "precision@20": 0.010199338921291023,
  "mrr@10": 0.0855408998355988,
  "ndcg@1": 0.04979524609952281,
  "ndcg@3": 0.08184348323584585,
  "ndcg@5": 0.09458457542645327,
  "ndcg@10": 0.10605416475045133,
  "ndcg@20": 0.1142086261799453,
  "map@10": 0.0855408998355988
}