{
  "accuracy@1": 0.029173200365511093,
  "recall@1": 0.029173200365511093,
  "precision@1": 0.029173200365511093,
  "accuracy@3": 0.08292814999492346,
  "recall@3": 0.08292814999492346,
  "precision@3": 0.027642716664974483,
  "accuracy@5": 0.10712633823313741,
  "recall@5": 0.10712633823313741,
  "precision@5": 0.021425267646627486,
  "accuracy@10": 0.13908599663820043,
  "recall@10": 0.13908599663820043,
  "precision@10": 0.013908599663820041,
  "accuracy@20": 0.17486998409349863,
  "recall@20": 0.17486998409349863,
  "precision@20": 0.008743499204674932,
  "mrr@10": 0.06230585804410021,
  "ndcg@1": 0.029173200365511093,
  "ndcg@3": 0.06035035493661668,
  "ndcg@5": 0.07030772004192389,
  "ndcg@10": 0.08059898902009237,
  "ndcg@20": 0.08963485248367402,
  "map@10": 0.06230585804410021
}