{
  "accuracy@1": 0.030019290863350746,
  "recall@1": 0.030019290863350746,
  "precision@1": 0.030019290863350746,
  "accuracy@3": 0.07276378281420981,
  "recall@3": 0.07276378281420981,
  "precision@3": 0.024254594271403265,
  "accuracy@5": 0.09708606432544024,
  "recall@5": 0.09708606432544024,
  "precision@5": 0.01941721286508805,
  "accuracy@10": 0.13153886939747075,
  "recall@10": 0.13153886939747075,
  "precision@10": 0.013153886939747075,
  "accuracy@20": 0.17559198131832182,
  "recall@20": 0.17559198131832182,
  "precision@20": 0.008779599065916091,
  "mrr@10": 0.058531430426560324,
  "ndcg@1": 0.030019290863350746,
  "ndcg@3": 0.05464103716996498,
  "ndcg@5": 0.06464047548883123,
  "ndcg@10": 0.0757735724247968,
  "ndcg@20": 0.08686640448672685,
  "map@10": 0.058531430426560324
}