{
  "accuracy@1": 0.030749584694142774,
  "recall@1": 0.030749584694142774,
  "precision@1": 0.030749584694142774,
  "accuracy@3": 0.0770717264292737,
  "recall@3": 0.0770717264292737,
  "precision@3": 0.025690575476424567,
  "accuracy@5": 0.10055487122693216,
  "recall@5": 0.10055487122693216,
  "precision@5": 0.02011097424538643,
  "accuracy@10": 0.13350811965329024,
  "recall@10": 0.13350811965329024,
  "precision@10": 0.013350811965329022,
  "accuracy@20": 0.1730271559176847,
  "recall@20": 0.1730271559176847,
  "precision@20": 0.008651357795884234,
  "mrr@10": 0.060350326926116006,
  "ndcg@1": 0.030749584694142774,
  "ndcg@3": 0.05743954008145562,
  "ndcg@5": 0.06706041110036028,
  "ndcg@10": 0.07767808791536318,
  "ndcg@20": 0.08763289704068199,
  "map@10": 0.060350326926116006
}