{
  "accuracy@1": 0.03074128808817391,
  "recall@1": 0.03074128808817391,
  "precision@1": 0.03074128808817391,
  "accuracy@3": 0.07654298703789357,
  "recall@3": 0.07654298703789357,
  "precision@3": 0.02551432901263119,
  "accuracy@5": 0.10006430287783581,
  "recall@5": 0.10006430287783581,
  "precision@5": 0.020012860575567164,
  "accuracy@10": 0.13248649075505117,
  "recall@10": 0.13248649075505117,
  "precision@10": 0.013248649075505114,
  "accuracy@20": 0.1714969033087779,
  "recall@20": 0.1714969033087779,
  "precision@20": 0.008574845165438895,
  "mrr@10": 0.060181248700646735,
  "ndcg@1": 0.03074128808817391,
  "ndcg@3": 0.057203294516891164,
  "ndcg@5": 0.0668572813125232,
  "ndcg@10": 0.0773174167954934,
  "ndcg@20": 0.08713963406760254,
  "map@10": 0.060181248700646735
}