{
  "accuracy@1": 0.029190068822113484,
  "recall@1": 0.029190068822113484,
  "precision@1": 0.029190068822113484,
  "accuracy@3": 0.08419125541027699,
  "recall@3": 0.08419125541027699,
  "precision@3": 0.028063751803425657,
  "accuracy@5": 0.10688334143226842,
  "recall@5": 0.10688334143226842,
  "precision@5": 0.02137666828645368,
  "accuracy@10": 0.1399835007741075,
  "recall@10": 0.1399835007741075,
  "precision@10": 0.01399835007741075,
  "accuracy@20": 0.1764513103323577,
  "recall@20": 0.1764513103323577,
  "precision@20": 0.008822565516617885,
  "mrr@10": 0.06267509798993938,
  "ndcg@1": 0.029190068822113484,
  "ndcg@3": 0.06105257052886412,
  "ndcg@5": 0.07041595226747166,
  "ndcg@10": 0.0810958304160225,
  "ndcg@20": 0.09029270703481888,
  "map@10": 0.06267509798993938
}