{
  "accuracy@1": 0.029280475539332572,
  "recall@1": 0.029280475539332572,
  "precision@1": 0.029280475539332572,
  "accuracy@3": 0.07169252675473788,
  "recall@3": 0.07169252675473788,
  "precision@3": 0.023897508918245956,
  "accuracy@5": 0.0953790866661393,
  "recall@5": 0.0953790866661393,
  "precision@5": 0.019075817333227857,
  "accuracy@10": 0.13097673157115575,
  "recall@10": 0.13097673157115575,
  "precision@10": 0.013097673157115573,
  "accuracy@20": 0.1750613070551142,
  "recall@20": 0.1750613070551142,
  "precision@20": 0.00875306535275571,
  "mrr@10": 0.05767471412014801,
  "ndcg@1": 0.029280475539332572,
  "ndcg@3": 0.05371946243661511,
  "ndcg@5": 0.06346954017178714,
  "ndcg@10": 0.07496404834718232,
  "ndcg@20": 0.08606066564103838,
  "map@10": 0.05767471412014801
}